Phase,Finding,Task ID,Task Description,Status,Owner,Start Date,End Date,Notes
Phase 0,F1,1.1,Create test_validator_finding1.py,Not Started,,,,
Phase 0,F1,1.2,Create test_orchestrator_finding1.py,Not Started,,,,
Phase 0,F1,1.3,Run tests - confirm RED,Not Started,,,,
Phase 0,F1,1.4,Modify ContextValidator.__init__,Not Started,,,,
Phase 0,F1,1.5,Modify validate_context_with_llm signature,Not Started,,,,
Phase 0,F1,1.6,Modify HybridOrchestrator.__init__,Not Started,,,,
Phase 0,F1,1.7,Modify start_pipeline call order,Not Started,,,,
Phase 0,F1,1.8,Delete legacy code,Not Started,,,,
Phase 0,F1,1.9,Verify all tests pass,Not Started,,,,
Phase 0,F1,1.10,Run integration tests,Not Started,,,,
Phase 0,F2,2.1,Create test_orchestrator_finding2.py,Not Started,,,,
Phase 0,F2,2.2,Run tests - confirm RED,Not Started,,,,
Phase 0,F2,2.3,Remove pipeline_id parameter,Not Started,,,,
Phase 0,F2,2.4,Simplify ID handling logic,Not Started,,,,
Phase 0,F2,2.5,Update call sites,Not Started,,,,
Phase 0,F2,2.6,Delete related code,Not Started,,,,
Phase 0,F2,2.7,Verify all tests pass,Not Started,,,,
Phase 1,F3,3.1,Create test_no_duplicate_executor.py,Not Started,,,,
Phase 1,F3,3.2,Create test_executor_is_unique.py,Not Started,,,,
Phase 1,F3,3.3,Run tests - confirm RED,Not Started,,,,
Phase 1,F3,3.4,Delete duplicate functions,Not Started,,,,
Phase 1,F3,3.5,Delete legacy bridge code,Not Started,,,,
Phase 1,F3,3.6,Update __all__,Not Started,,,,
Phase 1,F3,3.7,Verify execution path,Not Started,,,,
Phase 1,F3,3.8,Run node related tests,Not Started,,,,
Phase 1,F3,3.9,Count code lines change,Not Started,,,,
Phase 1,F4,4.1,Create test_state_manager_finding4.py,Not Started,,,,
Phase 1,F4,4.2,Run tests - confirm RED,Not Started,,,,
Phase 1,F4,4.3,Add create_initial_state import,Not Started,,,,
Phase 1,F4,4.4,Delete _create_initial_state,Not Started,,,,
Phase 1,F4,4.5,Modify create_pipeline,Not Started,,,,
Phase 1,F4,4.6,Modify update_pipeline_status,Not Started,,,,
Phase 1,F4,4.7,Modify get_pipeline,Not Started,,,,
Phase 1,F4,4.8,Modify list_pipelines,Not Started,,,,
Phase 1,F4,4.9,Delete _verify_state_consistency,Not Started,,,,
Phase 1,F4,4.10,Delete unused methods,Not Started,,,,
Phase 1,F4,4.11,Verify consistency,Not Started,,,,
Phase 1,F4,4.12,Run storage tests,Not Started,,,,
Phase 2,F5,5.1,Create test_finding5_dependency_cleanup.py,Not Started,,,,
Phase 2,F5,5.2,Run tests - confirm RED,Not Started,,,,
Phase 2,F5,5.3,Remove kaos.path,Not Started,,,,
Phase 2,F5,5.4,Remove kimi_agent_sdk,Not Started,,,,
Phase 2,F5,5.5,Delete alias and unify naming,Not Started,,,,
Phase 2,F5,5.6,Delete deprecated/legacy code,Not Started,,,,
Phase 2,F5,5.7,Update pyproject.toml,Not Started,,,,
Phase 2,F5,5.8,Global verification,Not Started,,,,
Phase 2,F5,5.9,Run all unit tests,Not Started,,,,
Integration,I.1,Run integration tests,Not Started,,,,
Integration,I.2,Run e2e tests,Not Started,,,,
Integration,I.3,Check coverage,Not Started,,,,
Final,F1-F5,Code Review,All changes reviewed,Not Started,,,,
Final,F1-F5,Documentation,Update docs,Not Started,,,,
Final,F1-F5,CHANGELOG,Update changelog,Not Started,,,,
Final,F1-F5,Performance,Verify no regression,Not Started,,,,
Final,F1-F5,Rollback Test,Verify rollback works,Not Started,,,,
